{
    "accuracy": 0.998991680473162,
    "precision": 0.9955643381193634,
    "recall": 0.9984819734345352,
    "f1_score": 0.9970210212739081,
    "best_threshold": 0.5825
}